Olivia,Oliver,Smith
Amelia,George,Johnson
Isla,Arthur,Williams
Ava,Noah,Brown
Mia,Muhammad,Jones
Ivy,Leo,Garcia
Lily,Oscar,Miller
Isabella,Harry,Davis
Rosie,Archie,Rodriguez
Sophia,Jack,Martinez
Grace,Henry,Hernandez
Freya,Charlie,Lopez
Willow,Freddie,Gonzales
Florence,Theodore,Wilson
Emily,Thomas,Anderson
Ella,Finley,Thomas
Poppy,Theo,Taylor
Evie,Alfie,Moore
Elsie,Jacob,Jackson
Charlotte,William,Martin
Evelyn,Isaac,Lee
Sienna,Tommy,Perez
Sofia,Joshua,Thompson
Daisy,James,White
Phoebe,Lucas,Harris
Sophie,Alexander,Sanchez
Alice,Arlo,Clark
Harper,Roman,Ramirez
Matilda,Edward,Lewis
Ruby,Elijah,Robinson
Emilia,Teddy,Walker
Maya,Mohammed,Young
Millie,Max,Allen
Isabelle,Adam,King
Eva,Albie,Wright
Luna,Ethan,Scott
Jessica,Logan,Torres
Ada,Joseph,Nguyen
Aria,Sebastian,Hill
Arabella,Benjamin,Flores
Maisie,Harrison,Green
Esme,Mason,Adams
Eliza,Rory,Nelson
Penelope,Reuben,Baker
Bonnie,Luca,Hall
Chloe,Louie,Rivera
Mila,Samuel,Campbell
Violet,Reggie,Mitchell
Hallie,Jaxon,Carter
Scarlett,Daniel,Roberts
Layla,Hugo,Gomez
Imogen,Louis,Phillips
Eleanor,Jude,Evans
Molly,Ronnie,Turner
Harriet,Dylan,Diaz
Elizabeth,Zachary,Parker
Thea,Albert,Cruz
Erin,Hunter,Edwards
Lottie,Ezra,Collins
Emma,David,Reyes
Rose,Frankie,Stewart
Deliah,Toby,Morris
Bella,Frederick,Morales
Aurora,Carter,Murphy
Lola,Gabriel,Cook
Nancy,Grayson,Rogers
Ellie,Riley,Gutierrez
Mabel,Jesse,Ortiz
Lucy,Hudson,Morgan
Ayla,Bobby,Cooper
Maria,Rowan,Peterson
Orla,Jenson,Bailey
Zara,Finn,Reed
Robyn,Michael,Kelly
Hannah,Mohammad,Howard
Gracie,Stanley,Ramos
Iris,Felix,Kim
Jasmine,Jasper,Cox
Darcie,Liam,Ward
Margot,Milo,Richardson
Holly,Sonny,Watson
Amelie,Oakley,Brooks
Amber,Elliot,Chavez
Georgia,Chester,Wood
Edith,Caleb,James
Maryam,Harvey,Bennet
Abigail,Elliott,Gray
Myla,Charles,Mendoza
Anna,Ellis,Ruiz
Clara,Jackson,Hughes
Lilly,Alfred,Price
Lyra,Ollie,Alvarez
Summer,Leon,Castillo
Maeve,Yusuf,Sanders
Heidi,Ralph,Patel
Elodie,Otis,Myers
Lyla,Harley,Long
Eden,Ibrahim,Ross
Olive,Jayden,Foster
Aisha,Myles,Jimenez
